{
    "rmse": 2.1983573398603906,
    "mse": 1.4128439168271791
}