{
    "rmse": 0.7242337424647997,
    "mse": 0.15333988049652572
}